id,which_grant,funder_id,funder_name,award_id
W1521872449,1,F4320308269,Alexander von Humboldt-Stiftung,Research Prize
W2107976622,1,F4320306076,National Science Foundation,NA
W2107976622,2,F4320306084,U.S. Department of Energy,NA
W2080456647,1,F4320306101,National Aeronautics and Space Administration,NNX08AM49G
W1548021772,1,F4320306101,National Aeronautics and Space Administration,NNX10AL02G
W1548021772,2,F4320306101,National Aeronautics and Space Administration,NNX08AM36G
W1548021772,3,F4320334436,Canadian Space Agency,0
W2070772922,1,F4320306076,National Science Foundation,CRCNS-0903949
W2070772922,2,F4320320912,"Ministry of Education, Culture, Sports, Science and Technology",CNS-0821727
W2070772922,3,F4320338281,Army Research Office,W911NF-09-1-0346
W2070772922,4,F4320338281,Army Research Office,W911NF-12-1-0162
W1531834116,1,F4320306101,National Aeronautics and Space Administration,NNX08AM36G
W1531834116,2,F4320325651,Alberta Innovates,0
W1531834116,3,F4320334436,Canadian Space Agency,0
W1531834116,4,F4320334593,Natural Sciences and Engineering Research Council of Canada,Graduate Scholarship
W1531834116,5,F4320334593,Natural Sciences and Engineering Research Council of Canada,Discovery Grant
W1531834116,6,F4320334632,Science and Technology Facilities Council,0
W2001819075,1,F4320309955,"Departamento Administrativo de Ciencia, Tecnología e Innovación (COLCIENCIAS)",NA
W2001819075,2,F4320320006,Royal Society,NA
W2001819075,3,F4320320997,Fundação de Amparo à Pesquisa do Estado de São Paulo,NA
W2001819075,4,F4320321006,Grantová Agentura České Republiky,NA
W2001819075,5,F4320321033,Svenska Forskningsrådet Formas,NA
W2001819075,6,F4320321079,Russian Foundation for Basic Research,NA
W2001819075,7,F4320322025,Conselho Nacional de Desenvolvimento Científico e Tecnológico,NA
W2001819075,8,F4320322749,Fundação Carlos Chagas Filho de Amparo à Pesquisa do Estado do Rio de Janeiro,NA
W2001819075,9,F4320325840,Fundação para o Desenvolvimento da UNESP,NA
W2001819075,10,F4320327961,"National Research Center ""Kurchatov Institute""",NA
W2001819075,11,F4320334632,Science and Technology Facilities Council,NA
W1937577046,1,F4320306084,U.S. Department of Energy,DE-FC26-06NT42960
W2047116479,1,F4320306084,U.S. Department of Energy,DE-FC26-06NT42960
W2093234124,1,F4320321764,"Ministerio de Educación, Cultura y Deporte",CSD2006-00041
W2093234124,2,F4320321764,"Ministerio de Educación, Cultura y Deporte",CGL2006-03364/BTE
W2093234124,3,F4320321764,"Ministerio de Educación, Cultura y Deporte",CGL2010-17280
W1984060535,1,F4320306101,National Aeronautics and Space Administration,NNX10AJ56G
W1984060535,2,F4320333660,"McDonnell Center for the Space Sciences, Washington University in St. Louis",NA
W2017203198,1,F4320306084,U.S. Department of Energy,DE-SC-000-1481
W2017203198,2,F4320321001,National Natural Science Foundation of China,10835003
W2329539446,1,F4320306076,National Science Foundation,NA
W2329539446,2,F4320337345,Office of Naval Research,NA
W1992646378,1,F4320321001,National Natural Science Foundation of China,11161036
W1992646378,2,F4320321001,National Natural Science Foundation of China,11061025
W1992646378,3,F4320321106,Ministry of Education of the People's Republic of China,210239
W1992646378,4,F4320334945,Fok Ying Tong Education Foundation,121105
W1996996069,1,F4320322877,Natural Science Foundation of Ningxia Province,NZ0937
W1996996069,2,F4320334945,Fok Ying Tong Education Foundation,121105
W2019514575,1,F4320321001,National Natural Science Foundation of China,41004038
W2019514575,2,F4320321001,National Natural Science Foundation of China,41074070
W2019514575,3,F4320321543,China Postdoctoral Science Foundation,20090460130
W2066692450,1,F4320306101,National Aeronautics and Space Administration,41030209
W2066692450,2,F4320306101,National Aeronautics and Space Administration,40872021
W2066692450,3,F4320306101,National Aeronautics and Space Administration,09YYB01
W2066692450,4,F4320306101,National Aeronautics and Space Administration,41028002
W2066692450,5,F4320321001,National Natural Science Foundation of China,41030209
W2066692450,6,F4320321001,National Natural Science Foundation of China,40872021
W2066692450,7,F4320321001,National Natural Science Foundation of China,09YYB01
W2066692450,8,F4320321001,National Natural Science Foundation of China,41028002
W2066692450,9,F4320322439,Northwest University,41030209
W2066692450,10,F4320322439,Northwest University,40872021
W2066692450,11,F4320322439,Northwest University,09YYB01
W2066692450,12,F4320322439,Northwest University,41028002
W2066692450,13,F4320334924,Program for New Century Excellent Talents in University,41030209
W2066692450,14,F4320334924,Program for New Century Excellent Talents in University,40872021
W2066692450,15,F4320334924,Program for New Century Excellent Talents in University,09YYB01
W2066692450,16,F4320334924,Program for New Century Excellent Talents in University,41028002
W2039046333,1,F4320321001,National Natural Science Foundation of China,NA
W2085172720,1,F4320309568,University of Missouri,NA
W2015062635,1,F4320306101,National Aeronautics and Space Administration,NNX10AT02G
W2087808685,1,F4320306084,U.S. Department of Energy,NA
W2166850132,1,F4320306101,National Aeronautics and Space Administration,NSF AGS 0737705
W2166850132,2,F4320306101,National Aeronautics and Space Administration,AIM Mission
W2029172176,1,F4320306084,U.S. Department of Energy,NA
W2037001985,1,F4320306084,U.S. Department of Energy,DEFG02-97ER14751
W1986614417,1,F4320321001,National Natural Science Foundation of China,11001013
W1986614417,2,F4320338279,Air Force Office of Scientific Research,FA9550-07-1-0273
W1986614417,3,F4320338279,Air Force Office of Scientific Research,FA9550-10-1-0201
W2128895561,1,F4320306076,National Science Foundation,NA
W2128895561,2,F4320306101,National Aeronautics and Space Administration,NA
W2024392127,1,F4320306076,National Science Foundation,NA
W2174574832,1,F4320306076,National Science Foundation,NA
W2174574832,2,F4320306084,U.S. Department of Energy,NA
W2066762670,1,F4320306076,National Science Foundation,NA
W1981988892,1,F4320306076,National Science Foundation,NA
W1981988892,2,F4320306101,National Aeronautics and Space Administration,NA
W1973420506,1,F4320306076,National Science Foundation,NA
W1973420506,2,F4320306084,U.S. Department of Energy,NA
W2013337551,1,F4320306076,National Science Foundation,EAR_CAREER_0844772
W2013337551,2,F4320321079,Russian Foundation for Basic Research,07-05-00629
W2153080796,1,F4320306076,National Science Foundation,NA
W2153080796,2,F4320306101,National Aeronautics and Space Administration,NA
W2099516779,1,F4320306084,U.S. Department of Energy,NA
W2073841289,1,F4320306076,National Science Foundation,NA
W1960140293,1,F4320332183,U.S. Geological Survey,Venture Capital
W2089414961,1,F4320306084,U.S. Department of Energy,DE-FG02-96ER40969
W2074330870,1,F4320306084,U.S. Department of Energy,DE-FG02-96ER40949
W2074330870,2,F4320311687,Ministry of Education,NA
W2074330870,3,F4320321040,National Science Council,98-2811-M-032-005
W2074330870,4,F4320323229,National Central University,NA
W2074524212,1,F4320306076,National Science Foundation,NA
W2013412690,1,F4320306076,National Science Foundation,DMR-07-05089
W2013412690,2,F4320306076,National Science Foundation,CHE-0645497
W2013412690,3,F4320306084,U.S. Department of Energy,DEFG02-03ER15476
W2013412690,4,F4320306084,U.S. Department of Energy,DEFG02-03ER46026
W1976800552,1,F4320306076,National Science Foundation,CBET 1034307
W1976800552,2,F4320306084,U.S. Department of Energy,DE-AC02-07CH11358
W1976800552,3,F4320311090,Iowa State University,NA
W1976800552,4,F4320338346,Ames Laboratory,NA
W2016711588,1,F4320308722,South Carolina Space Grant Consortium,NA
W2081746373,1,F4320306084,U.S. Department of Energy,NA
W1991741456,1,F4320306084,U.S. Department of Energy,DE-AC02-07CH11358
W1775658379,1,F4320306084,U.S. Department of Energy,NA
W1775658379,2,F4320332180,Defense Advanced Research Projects Agency,NA
W1775658379,3,F4320338281,Army Research Office,NA
W1966453622,1,F4320306101,National Aeronautics and Space Administration,NA
W1966453622,2,F4320309036,Purdue University,NA
W1966453622,3,F4320309374,Ohio State University,NA
W1966453622,4,F4320324237,Erlangen Graduate School of Advanced Optical Technologies,NA
W1966453622,5,F4320338294,Air Force Research Laboratory,NA
W2036521474,1,F4320306076,National Science Foundation,NA
W2036521474,2,F4320306084,U.S. Department of Energy,NA
W2071549672,1,F4320306076,National Science Foundation,CAREER DMR-0748475
W2082437834,1,F4320309723,Fondazione CRT,NA
W1975952102,1,F4320306076,National Science Foundation,NA
W1975952102,2,F4320306084,U.S. Department of Energy,NA
W2013412690,1,F4320306076,National Science Foundation,DMR-07-05089
W2013412690,2,F4320306076,National Science Foundation,CHE-0645497
W2013412690,3,F4320306084,U.S. Department of Energy,DEFG02-03ER15476
W2013412690,4,F4320306084,U.S. Department of Energy,DEFG02-03ER46026
W1976800552,1,F4320306076,National Science Foundation,CBET 1034307
W1976800552,2,F4320306084,U.S. Department of Energy,DE-AC02-07CH11358
W1976800552,3,F4320311090,Iowa State University,NA
W1976800552,4,F4320338346,Ames Laboratory,NA
W2016711588,1,F4320308722,South Carolina Space Grant Consortium,NA
W2081746373,1,F4320306084,U.S. Department of Energy,NA
W1991741456,1,F4320306084,U.S. Department of Energy,DE-AC02-07CH11358
W1775658379,1,F4320306084,U.S. Department of Energy,NA
W1775658379,2,F4320332180,Defense Advanced Research Projects Agency,NA
W1775658379,3,F4320338281,Army Research Office,NA
W1966453622,1,F4320306101,National Aeronautics and Space Administration,NA
W1966453622,2,F4320309036,Purdue University,NA
W1966453622,3,F4320309374,Ohio State University,NA
W1966453622,4,F4320324237,Erlangen Graduate School of Advanced Optical Technologies,NA
W1966453622,5,F4320338294,Air Force Research Laboratory,NA
W2036521474,1,F4320306076,National Science Foundation,NA
W2036521474,2,F4320306084,U.S. Department of Energy,NA
W2071549672,1,F4320306076,National Science Foundation,CAREER DMR-0748475
W2082437834,1,F4320309723,Fondazione CRT,NA
W1975952102,1,F4320306076,National Science Foundation,NA
W1975952102,2,F4320306084,U.S. Department of Energy,NA
W2167494792,1,F4320306076,National Science Foundation,NA
W2097807670,1,F4320306076,National Science Foundation,NA
W2097807670,2,F4320306084,U.S. Department of Energy,NA
W2029831487,1,F4320306076,National Science Foundation,NA
W2029831487,2,F4320306084,U.S. Department of Energy,NA
W2048056178,1,F4320306076,National Science Foundation,NA
W2048056178,2,F4320306084,U.S. Department of Energy,NA
W2119156667,1,F4320306076,National Science Foundation,NA
W2119156667,2,F4320306101,National Aeronautics and Space Administration,NA
W2140628394,1,F4320306076,National Science Foundation,NA
W2140628394,2,F4320306084,U.S. Department of Energy,NA
W2077107705,1,F4320306076,National Science Foundation,OCE0751600
W2086642387,1,F4320306076,National Science Foundation,NA
W2086642387,2,F4320306084,U.S. Department of Energy,NA
W2039941959,1,F4320306076,National Science Foundation,NA
W2039941959,2,F4320306084,U.S. Department of Energy,NA
W2146079490,1,F4320323299,Norges Forskningsråd,197638/V30
W2146079490,2,F4320323299,Norges Forskningsråd,184790/V30
W1964996990,1,F4320306076,National Science Foundation,CCF-0746690 and LANL ISSDM
W1964996990,2,F4320337387,Division of Computing and Communication Foundations,CCF-0746690 and LANL ISSDM
W2135085686,1,F4320306076,National Science Foundation,NA
W2135085686,2,F4320306084,U.S. Department of Energy,NA
W2097835539,1,F4320335353,National Science Foundation of Sri Lanka,NA
W2003052622,1,F4320306101,National Aeronautics and Space Administration,NNX11AQ46G
W2111208409,1,F4320306084,U.S. Department of Energy,NA
W2009552712,1,F4320306101,National Aeronautics and Space Administration,NA
W1976854321,1,F4320309018,"University of California, Santa Cruz",40730424
W1976854321,2,F4320309018,"University of California, Santa Cruz",2011ZX05023-005-009
W1976854321,3,F4320321001,National Natural Science Foundation of China,40730424
W1976854321,4,F4320321001,National Natural Science Foundation of China,2011ZX05023-005-009
W2162559028,1,F4320337387,Division of Computing and Communication Foundations,CCF-0937139CNS-0831374
W2162559028,2,F4320337388,Division of Computer and Network Systems,CCF-0937139CNS-0831374
W2092922530,1,F4320306084,U.S. Department of Energy,NA
W2329539446,1,F4320306076,National Science Foundation,NA
W2329539446,2,F4320337345,Office of Naval Research,NA
W2149601195,1,F4320306084,U.S. Department of Energy,NA
W2022635558,1,F4320337387,Division of Computing and Communication Foundations,CCF-1012147IIS-1116296
W2022635558,2,F4320337389,Division of Information and Intelligent Systems,CCF-1012147IIS-1116296
W1969194760,1,F4320306076,National Science Foundation,NA
W1969194760,2,F4320306084,U.S. Department of Energy,NA
W2057623330,1,F4320306076,National Science Foundation,NA
W2057623330,2,F4320306101,National Aeronautics and Space Administration,NNX11AO21G
W2057427057,1,F4320334960,Seventh Framework Programme,303541
W2057427057,2,F4320337387,Division of Computing and Communication Foundations,CNS-0831374CCF-0702672CCF-0937139CNS-0831374
W2057427057,3,F4320337388,Division of Computer and Network Systems,CNS-0831374CCF-0702672CCF-0937139CNS-0831374
W2057427057,4,F4320338279,Air Force Office of Scientific Research,1096101
W2017868196,1,F4320306076,National Science Foundation,NA
W2132303710,1,F4320337387,Division of Computing and Communication Foundations,CCF-0937139CNS-0831374
W2132303710,2,F4320337388,Division of Computer and Network Systems,CCF-0937139CNS-0831374
W2081927584,1,F4320306076,National Science Foundation,ISS-1016703
W2081927584,2,F4320322565,Stavros Niarchos Foundation,20001-112122
W2130031935,1,F4320306076,National Science Foundation,NA
W2130031935,2,F4320306084,U.S. Department of Energy,NA
W1995058459,1,F4320306084,U.S. Department of Energy,DE-FG02-91ER40671
W1995058459,2,F4320306084,U.S. Department of Energy,DE-FG03-84ER40168
W1995058459,3,F4320321716,Industry Canada,NA
W1998868969,1,F4320306076,National Science Foundation,EAR 0809428
W1998868969,2,F4320306076,National Science Foundation,EAR 1048124
W1998868969,3,F4320306076,National Science Foundation,EAR 0738522
W1998868969,4,F4320308681,Geological Society of America,EAR 0809428
W1998868969,5,F4320308681,Geological Society of America,EAR 1048124
W1998868969,6,F4320308681,Geological Society of America,EAR 0738522
W2017206277,1,F4320320924,Schweizerischer Nationalfonds zur Förderung der Wissenschaftlichen Forschung,NA
W2028415939,1,F4320308269,Alexander von Humboldt-Stiftung,NA
W2160005571,1,F4320306076,National Science Foundation,NA
W2160005571,2,F4320306101,National Aeronautics and Space Administration,NA
W1979830809,1,F4320306076,National Science Foundation,NA
W2006720165,1,F4320306076,National Science Foundation,NA
W2006720165,2,F4320306084,U.S. Department of Energy,NA
W1985156240,1,F4320306076,National Science Foundation,NA
W2019335021,1,F4320306084,U.S. Department of Energy,NA
W2019335021,2,F4320337480,Basic Energy Sciences,De-SC0001198
W1988355552,1,F4320306076,National Science Foundation,NA
W2022835459,1,F4320306076,National Science Foundation,NA
W2022835459,2,F4320306084,U.S. Department of Energy,NA
W2022835459,3,F4320306101,National Aeronautics and Space Administration,NA
W2040281010,1,F4320306076,National Science Foundation,NA
W2040281010,2,F4320337403,Division of Earth Sciences,EAR-1128799
W1680988847,1,F4320306076,National Science Foundation,NA
W2333752937,1,F4320306084,U.S. Department of Energy,NA
W2335469730,1,F4320306084,U.S. Department of Energy,NA
W2059092145,1,F4320306076,National Science Foundation,NA
W2059092145,2,F4320306084,U.S. Department of Energy,NA
W2016913410,1,F4320306076,National Science Foundation,NA
W1985380461,1,F4320306084,U.S. Department of Energy,NA
W2054734654,1,F4320306084,U.S. Department of Energy,NA
W2035183590,1,F4320306151,Alfred P. Sloan Foundation,NA
W2076165484,1,F4320306076,National Science Foundation,CHE-0956500
W2076165484,2,F4320306084,U.S. Department of Energy,DE-SC0005180
W1986335056,1,F4320306084,U.S. Department of Energy,NA
W2051451309,1,F4320306101,National Aeronautics and Space Administration,NNX08AI51G
W2051451309,2,F4320306101,National Aeronautics and Space Administration,NNX09AW 19A
W2322840023,1,F4320306084,U.S. Department of Energy,NA
W2054623564,1,F4320306076,National Science Foundation,CBET-1058027
W2054623564,2,F4320306076,National Science Foundation,NSF-AGS-1102227
W2054623564,3,F4320306076,National Science Foundation,NSF-EAR-1013339
W2054623564,4,F4320306076,National Science Foundation,NSF-CBET-103347
W2054623564,5,F4320306076,National Science Foundation,AGS-1026636
W2054623564,6,F4320306084,U.S. Department of Energy,DE-SC0006967
W2097736173,1,F4320306084,U.S. Department of Energy,NA
W2102074416,1,F4320306101,National Aeronautics and Space Administration,NNX09AB96G
W2055130152,1,F4320306076,National Science Foundation,NA
W2055130152,2,F4320306101,National Aeronautics and Space Administration,NA
W2091659325,1,F4320306076,National Science Foundation,NA
W1584399248,1,F4320306101,National Aeronautics and Space Administration,NNX11A1164G
W1584399248,2,F4320306101,National Aeronautics and Space Administration,NNH09AM53I
W1584399248,3,F4320306101,National Aeronautics and Space Administration,NNH11AQ46I
W1584399248,4,F4320306101,National Aeronautics and Space Administration,NNH09AK63I
W1584399248,5,F4320306101,National Aeronautics and Space Administration,NNX07AR62G
W3101206555,1,F4320306076,National Science Foundation,AST-0607472
W3101206555,2,F4320306076,National Science Foundation,PHY-0821899
W3101206555,3,F4320306084,U.S. Department of Energy,DE-AC02-09CH11466
W3101206555,4,F4320306101,National Aeronautics and Space Administration,ATP06-35
W3101206555,5,F4320306101,National Aeronautics and Space Administration,APRA08-0066
W1512928974,1,F4320306101,National Aeronautics and Space Administration,NNX11AQ45G
W1512928974,2,F4320309292,Princeton University,Hess Fellowship Fund
W2030058567,1,F4320334593,Natural Sciences and Engineering Research Council of Canada,CNS-0831374 and CCF-0937139
W2030058567,2,F4320337387,Division of Computing and Communication Foundations,CNS-0831374 and CCF-0937139
W2030058567,3,F4320337388,Division of Computer and Network Systems,CNS-0831374 and CCF-0937139
W1980668895,1,F4320334593,Natural Sciences and Engineering Research Council of Canada,CCF-0937139
W1980668895,2,F4320337387,Division of Computing and Communication Foundations,CCF-0937139
W2037831469,1,F4320306084,U.S. Department of Energy,NA
W2046983723,1,F4320306076,National Science Foundation,EAR 10-43050
W2046983723,2,F4320306084,U.S. Department of Energy,DE-AC02-98CH10886
W2963293839,1,F4320306076,National Science Foundation,NA
W2010951765,1,F4320306101,National Aeronautics and Space Administration,NNX08AR22G
W2032335722,1,F4320306101,National Aeronautics and Space Administration,NA
W2080156175,1,F4320306076,National Science Foundation,NA
W2027732399,1,F4320306084,U.S. Department of Energy,DEAC02-09CH11466
W2027732399,2,F4320306084,U.S. Department of Energy,DEFC02-08ER54969
W2027732399,3,F4320306084,U.S. Department of Energy,DE-AC05-06OR23100
W1991319965,1,F4320306076,National Science Foundation,DMS-0807340
W1991319965,2,F4320306084,U.S. Department of Energy,DE-SC0001198
W2322787553,1,F4320306084,U.S. Department of Energy,NA
W2021626490,1,F4320306084,U.S. Department of Energy,DE-AC02-09CH11466
W2021626490,2,F4320321001,National Natural Science Foundation of China,NSFC-11075162
W2097807670,1,F4320306076,National Science Foundation,NA
W2097807670,2,F4320306084,U.S. Department of Energy,NA
W14070410,1,F4320306076,National Science Foundation,NA
W2028917560,1,F4320306084,U.S. Department of Energy,NA
W2107976622,1,F4320306076,National Science Foundation,NA
W2107976622,2,F4320306084,U.S. Department of Energy,NA
W2068806566,1,F4320306084,U.S. Department of Energy,NA
W2072669978,1,F4320306084,U.S. Department of Energy,NA
W2110964678,1,F4320306076,National Science Foundation,NA
W2110964678,2,F4320306084,U.S. Department of Energy,NA
W3104674365,1,F4320306084,U.S. Department of Energy,DE-SC0003871
W3104674365,2,F4320306084,U.S. Department of Energy,DE-FG02-09ER16052
W2112628055,1,F4320308269,Alexander von Humboldt-Stiftung,NA
W2112628055,2,F4320308445,American Roentgen Ray Society,NA
W2112628055,3,F4320309955,"Departamento Administrativo de Ciencia, Tecnología e Innovación (COLCIENCIAS)",NA
W2112628055,4,F4320312062,Türkiye Atom Enerjisi Kurumu,NA
W2112628055,5,F4320312887,Arizona-Nevada Academy of Science,NA
W2112628055,6,F4320313559,CERN,NA
W2112628055,7,F4320320912,"Ministry of Education, Culture, Sports, Science and Technology",NA
W2112628055,8,F4320320924,Schweizerischer Nationalfonds zur Förderung der Wissenschaftlichen Forschung,NA
W2112628055,9,F4320320943,Danmarks Grundforskningsfond,NA
W2112628055,10,F4320320997,Fundação de Amparo à Pesquisa do Estado de São Paulo,NA
W2112628055,11,F4320321001,National Natural Science Foundation of China,NA
W2112628055,12,F4320321917,General Secretariat for Research and Technology,NA
W2112628055,13,F4320321999,Lundbeckfonden,NA
W2112628055,14,F4320322025,Conselho Nacional de Desenvolvimento Científico e Tecnológico,NA
W2112628055,15,F4320322189,Joint Institute for Nuclear Research,NA
W2112628055,16,F4320322733,Ministerstwo Edukacji i Nauki,NA
W2112628055,17,F4320322930,Ministerio de Ciencia e Innovación,NA
W2112628055,18,F4320323771,Centre National pour la Recherche Scientifique et Technique,NA
W2112628055,19,F4320324190,Bundesministerium für Wissenschaft und Forschung,NA
W2112628055,20,F4320325306,State Atomic Energy Corporation ROSATOM,NA
W2112628055,21,F4320327234,"Services Fédéraux des Affaires Scientifiques, Techniques et Culturelles",NA
W2112628055,22,F4320334593,Natural Sciences and Engineering Research Council of Canada,NA
W2112628055,23,F4320334632,Science and Technology Facilities Council,NA
W2112628055,24,F4320334832,Agencia Nacional de Promoción Científica y Tecnológica,NA
W2001819075,1,F4320309955,"Departamento Administrativo de Ciencia, Tecnología e Innovación (COLCIENCIAS)",NA
W2001819075,2,F4320320006,Royal Society,NA
W2001819075,3,F4320320997,Fundação de Amparo à Pesquisa do Estado de São Paulo,NA
W2001819075,4,F4320321006,Grantová Agentura České Republiky,NA
W2001819075,5,F4320321033,Svenska Forskningsrådet Formas,NA
W2001819075,6,F4320321079,Russian Foundation for Basic Research,NA
W2001819075,7,F4320322025,Conselho Nacional de Desenvolvimento Científico e Tecnológico,NA
W2001819075,8,F4320322749,Fundação Carlos Chagas Filho de Amparo à Pesquisa do Estado do Rio de Janeiro,NA
W2001819075,9,F4320325840,Fundação para o Desenvolvimento da UNESP,NA
W2001819075,10,F4320327961,"National Research Center ""Kurchatov Institute""",NA
W2001819075,11,F4320334632,Science and Technology Facilities Council,NA
W2132929398,1,F4320308269,Alexander von Humboldt-Stiftung,NA
W2132929398,2,F4320308445,American Roentgen Ray Society,NA
W2132929398,3,F4320309955,"Departamento Administrativo de Ciencia, Tecnología e Innovación (COLCIENCIAS)",NA
W2132929398,4,F4320312062,Türkiye Atom Enerjisi Kurumu,NA
W2132929398,5,F4320312887,Arizona-Nevada Academy of Science,NA
W2132929398,6,F4320313559,CERN,NA
W2132929398,7,F4320319993,Leverhulme Trust,NA
W2132929398,8,F4320320006,Royal Society,NA
W2132929398,9,F4320320912,"Ministry of Education, Culture, Sports, Science and Technology",NA
W2132929398,10,F4320320924,Schweizerischer Nationalfonds zur Förderung der Wissenschaftlichen Forschung,NA
W2132929398,11,F4320320943,Danmarks Grundforskningsfond,NA
W2132929398,12,F4320320997,Fundação de Amparo à Pesquisa do Estado de São Paulo,NA
W2132929398,13,F4320321001,National Natural Science Foundation of China,NA
W2132929398,14,F4320321917,General Secretariat for Research and Technology,NA
W2132929398,15,F4320321999,Lundbeckfonden,NA
W2132929398,16,F4320322025,Conselho Nacional de Desenvolvimento Científico e Tecnológico,NA
W2132929398,17,F4320322189,Joint Institute for Nuclear Research,NA
W2132929398,18,F4320322733,Ministerstwo Edukacji i Nauki,NA
W2132929398,19,F4320322930,Ministerio de Ciencia e Innovación,NA
W2132929398,20,F4320323771,Centre National pour la Recherche Scientifique et Technique,NA
W2132929398,21,F4320324190,Bundesministerium für Wissenschaft und Forschung,NA
W2132929398,22,F4320325306,State Atomic Energy Corporation ROSATOM,NA
W2132929398,23,F4320327234,"Services Fédéraux des Affaires Scientifiques, Techniques et Culturelles",NA
W2132929398,24,F4320334593,Natural Sciences and Engineering Research Council of Canada,NA
W2132929398,25,F4320334632,Science and Technology Facilities Council,NA
W2132929398,26,F4320334832,Agencia Nacional de Promoción Científica y Tecnológica,NA
W1867122311,1,F4320308269,Alexander von Humboldt-Stiftung,NA
W1867122311,2,F4320308445,American Roentgen Ray Society,NA
W1867122311,3,F4320309955,"Departamento Administrativo de Ciencia, Tecnología e Innovación (COLCIENCIAS)",NA
W1867122311,4,F4320312062,Türkiye Atom Enerjisi Kurumu,NA
W1867122311,5,F4320312887,Arizona-Nevada Academy of Science,NA
W1867122311,6,F4320313559,CERN,NA
W1867122311,7,F4320319993,Leverhulme Trust,NA
W1867122311,8,F4320320006,Royal Society,NA
W1867122311,9,F4320320912,"Ministry of Education, Culture, Sports, Science and Technology",NA
W1867122311,10,F4320320924,Schweizerischer Nationalfonds zur Förderung der Wissenschaftlichen Forschung,NA
W1867122311,11,F4320320943,Danmarks Grundforskningsfond,NA
W1867122311,12,F4320320997,Fundação de Amparo à Pesquisa do Estado de São Paulo,NA
W1867122311,13,F4320321001,National Natural Science Foundation of China,NA
W1867122311,14,F4320321917,General Secretariat for Research and Technology,NA
W1867122311,15,F4320321999,Lundbeckfonden,NA
W1867122311,16,F4320322025,Conselho Nacional de Desenvolvimento Científico e Tecnológico,NA
W1867122311,17,F4320322189,Joint Institute for Nuclear Research,NA
W1867122311,18,F4320322733,Ministerstwo Edukacji i Nauki,NA
W1867122311,19,F4320322899,Georgian National Science Foundation,NA
W1867122311,20,F4320322930,Ministerio de Ciencia e Innovación,NA
W1867122311,21,F4320323771,Centre National pour la Recherche Scientifique et Technique,NA
W1867122311,22,F4320324190,Bundesministerium für Wissenschaft und Forschung,NA
W1867122311,23,F4320325306,State Atomic Energy Corporation ROSATOM,NA
W1867122311,24,F4320327234,"Services Fédéraux des Affaires Scientifiques, Techniques et Culturelles",NA
W1867122311,25,F4320334593,Natural Sciences and Engineering Research Council of Canada,NA
W1867122311,26,F4320334632,Science and Technology Facilities Council,NA
W1867122311,27,F4320334832,Agencia Nacional de Promoción Científica y Tecnológica,NA
W1912030008,1,F4320306084,U.S. Department of Energy,DE-FG02-94ER14466
W1912030008,2,F4320306084,U.S. Department of Energy,DE-AC02-06CH11357
W1912030008,3,F4320306084,U.S. Department of Energy,DE-FG02-09ER46650
W2128114254,1,F4320308269,Alexander von Humboldt-Stiftung,NA
W2128114254,2,F4320308445,American Roentgen Ray Society,NA
W2128114254,3,F4320309955,"Departamento Administrativo de Ciencia, Tecnología e Innovación (COLCIENCIAS)",NA
W2128114254,4,F4320312062,Türkiye Atom Enerjisi Kurumu,NA
W2128114254,5,F4320312887,Arizona-Nevada Academy of Science,NA
W2128114254,6,F4320313559,CERN,NA
W2128114254,7,F4320320912,"Ministry of Education, Culture, Sports, Science and Technology",NA
W2128114254,8,F4320320924,Schweizerischer Nationalfonds zur Förderung der Wissenschaftlichen Forschung,NA
W2128114254,9,F4320320943,Danmarks Grundforskningsfond,NA
W2128114254,10,F4320320997,Fundação de Amparo à Pesquisa do Estado de São Paulo,NA
W2128114254,11,F4320321001,National Natural Science Foundation of China,NA
W2128114254,12,F4320321917,General Secretariat for Research and Technology,NA
W2128114254,13,F4320321999,Lundbeckfonden,NA
W2128114254,14,F4320322025,Conselho Nacional de Desenvolvimento Científico e Tecnológico,NA
W2128114254,15,F4320322189,Joint Institute for Nuclear Research,NA
W2128114254,16,F4320322733,Ministerstwo Edukacji i Nauki,NA
W2128114254,17,F4320322930,Ministerio de Ciencia e Innovación,NA
W2128114254,18,F4320323771,Centre National pour la Recherche Scientifique et Technique,NA
W2128114254,19,F4320324190,Bundesministerium für Wissenschaft und Forschung,NA
W2128114254,20,F4320325306,State Atomic Energy Corporation ROSATOM,NA
W2128114254,21,F4320327234,"Services Fédéraux des Affaires Scientifiques, Techniques et Culturelles",NA
W2128114254,22,F4320334593,Natural Sciences and Engineering Research Council of Canada,NA
W2128114254,23,F4320334632,Science and Technology Facilities Council,NA
W2128114254,24,F4320334832,Agencia Nacional de Promoción Científica y Tecnológica,NA
W1998979758,1,F4320306076,National Science Foundation,NA
W1998979758,2,F4320306084,U.S. Department of Energy,NA
W2046983723,1,F4320306076,National Science Foundation,EAR 10-43050
W2046983723,2,F4320306084,U.S. Department of Energy,DE-AC02-98CH10886
W2130272002,1,F4320306076,National Science Foundation,NA
W2023248187,1,F4320306076,National Science Foundation,IIS-1049448
W2023248187,2,F4320306076,National Science Foundation,IIS-1047715
W2023248187,3,F4320306076,National Science Foundation,IIS-0949467
W2078258070,1,F4320306101,National Aeronautics and Space Administration,46373
W2004468562,1,F4320306084,U.S. Department of Energy,NA
W1988832029,1,F4320306084,U.S. Department of Energy,NA
W2041736658,1,F4320321001,National Natural Science Foundation of China,U1035004
W2041736658,2,F4320321001,National Natural Science Foundation of China,60703028
W2041736658,3,F4320321001,National Natural Science Foundation of China,61070093
W1998736253,1,F4320306084,U.S. Department of Energy,NA
W2029472187,1,F4320321001,National Natural Science Foundation of China,50821001
W2029472187,2,F4320321001,National Natural Science Foundation of China,11174152
W2320117452,1,F4320306084,U.S. Department of Energy,NA
W15157435,1,F4320306084,U.S. Department of Energy,NA
W2051869057,1,F4320306076,National Science Foundation,NA
W2128921472,1,F4320306076,National Science Foundation,NA
W2128921472,2,F4320306084,U.S. Department of Energy,NA
W2036136041,1,F4320306076,National Science Foundation,NA
W2036136041,2,F4320306084,U.S. Department of Energy,NA
W2008678937,1,F4320306101,National Aeronautics and Space Administration,NA
W2107976622,1,F4320306076,National Science Foundation,NA
W2107976622,2,F4320306084,U.S. Department of Energy,NA
W1985695970,1,F4320306076,National Science Foundation,NA
W1985695970,2,F4320306084,U.S. Department of Energy,NA
W1869428633,1,F4320306101,National Aeronautics and Space Administration,NASW-00002
W1869428633,2,F4320306101,National Aeronautics and Space Administration,NAS5-97271
W2028415939,1,F4320308269,Alexander von Humboldt-Stiftung,NA
W2095065619,1,F4320306076,National Science Foundation,EAR-1036349
W2095065619,2,F4320306076,National Science Foundation,EAR-1036352
W2095065619,3,F4320310009,University of Florida,NA
W2095065619,4,F4320320879,Deutsche Forschungsgemeinschaft,LA 2970/1-1
W2095065619,5,F4320335584,Helmholtz-Zentrum Potsdam - Deutsches GeoForschungsZentrum GFZ,NA
W2147015115,1,F4320306101,National Aeronautics and Space Administration,NA
W2147015115,2,F4320322256,Agenzia Spaziale Italiana,I/015/09/0
W2014386552,1,F4320306101,National Aeronautics and Space Administration,NA
W2014386552,2,F4320308963,Oak Ridge Associated Universities,NA
W2014386552,3,F4320321519,Centre National d’Etudes Spatiales,60015
W2014386552,4,F4320332375,Jet Propulsion Laboratory,NA
W2039071022,1,F4320320943,Danmarks Grundforskningsfond,NA
W2135413783,1,F4320306101,National Aeronautics and Space Administration,NMO710889
W2014069186,1,F4320306101,National Aeronautics and Space Administration,NNX10AI79G
W2014069186,2,F4320306101,National Aeronautics and Space Administration,NNX07AJ74G
W2014069186,3,F4320308269,Alexander von Humboldt-Stiftung,NA
W2128846279,1,F4320322729,"Ministarstvo Prosvete, Nauke i Tehnološkog Razvoja",176015
W2060304345,1,F4320306101,National Aeronautics and Space Administration,NA
W2001819075,1,F4320309955,"Departamento Administrativo de Ciencia, Tecnología e Innovación (COLCIENCIAS)",NA
W2001819075,2,F4320320006,Royal Society,NA
W2001819075,3,F4320320997,Fundação de Amparo à Pesquisa do Estado de São Paulo,NA
W2001819075,4,F4320321006,Grantová Agentura České Republiky,NA
W2001819075,5,F4320321033,Svenska Forskningsrådet Formas,NA
W2001819075,6,F4320321079,Russian Foundation for Basic Research,NA
W2001819075,7,F4320322025,Conselho Nacional de Desenvolvimento Científico e Tecnológico,NA
W2001819075,8,F4320322749,Fundação Carlos Chagas Filho de Amparo à Pesquisa do Estado do Rio de Janeiro,NA
W2001819075,9,F4320325840,Fundação para o Desenvolvimento da UNESP,NA
W2001819075,10,F4320327961,"National Research Center ""Kurchatov Institute""",NA
W2001819075,11,F4320334632,Science and Technology Facilities Council,NA
W1964550260,1,F4320306076,National Science Foundation,NA
W1964550260,2,F4320306084,U.S. Department of Energy,NA
W2326936392,1,F4320306076,National Science Foundation,NA
W2326936392,2,F4320306084,U.S. Department of Energy,NA
W1870871721,1,F4320306101,National Aeronautics and Space Administration,NNX09AW01G
W1962477874,1,F4320306101,National Aeronautics and Space Administration,Contract no. 1228726
W1962477874,2,F4320306101,National Aeronautics and Space Administration,0
W2128416197,1,F4320306101,National Aeronautics and Space Administration,NNX09AB58G
W2133964054,1,F4320306101,National Aeronautics and Space Administration,NA
W1996223352,1,F4320306101,National Aeronautics and Space Administration,NA
W2319077859,1,F4320306076,National Science Foundation,NA
W2319077859,2,F4320306084,U.S. Department of Energy,NA
W1957509006,1,F4320306101,National Aeronautics and Space Administration,NAS5-97271
W1957509006,2,F4320306101,National Aeronautics and Space Administration,NASW-00002
W2022672094,1,F4320322892,Centre National de la Recherche Scientifique,NA
W1986241429,1,F4320306101,National Aeronautics and Space Administration,"NNX11AC98G (R.D.L.). After this paper was accepted, C. Bettanini kindly informed us that the HACI piezo accelerometer was installed along the Huygens Y-axis, but with the sensing direction in the −Y and not the +Y direction"
W1986241429,2,F4320306101,National Aeronautics and Space Administration,NNX10AF09G
W1984190336,1,F4320306076,National Science Foundation,NA
W1984190336,2,F4320306084,U.S. Department of Energy,NA
W1985030068,1,F4320306076,National Science Foundation,NA
W1985030068,2,F4320306084,U.S. Department of Energy,NA
W2020742437,1,F4320322097,Korea Institute of Geoscience and Mineral Resources,NA
W2042355674,1,F4320306101,National Aeronautics and Space Administration,NNX12AI98G
W1838076614,1,F4320306076,National Science Foundation,NA
W1838076614,2,F4320306084,U.S. Department of Energy,NA
W2125908284,1,F4320306076,National Science Foundation,AST-0307482
W2057269555,1,F4320332161,National Institutes of Health,RC1 EB010974
W2057269555,2,F4320332161,National Institutes of Health,R37 EB000803
W2057269555,3,F4320332161,National Institutes of Health,P41 EB002035
W1985136373,1,F4320306101,National Aeronautics and Space Administration,NASW-00004
W2102049408,1,F4320306084,U.S. Department of Energy,NA
W2033270658,1,F4320321681,"Ministry of Trade, Industry and Energy",10-6303
W2033270658,2,F4320322097,Korea Institute of Geoscience and Mineral Resources,NA
W2033270658,3,F4320322349,"Ministry of Education, Science and Technology",NA
W2033270658,4,F4320322930,Ministerio de Ciencia e Innovación,NA
W2033270658,5,F4320338080,European Social Fund,NA
W2128921472,1,F4320306076,National Science Foundation,NA
W2128921472,2,F4320306084,U.S. Department of Energy,NA
W2056793809,1,F4320337345,Office of Naval Research,N00014-08-1-0080
W2024217786,1,F4320306076,National Science Foundation,ECS-0335765
W2024217786,2,F4320310846,University of South Carolina,NA
W2024217786,3,F4320337345,Office of Naval Research,NA
W2069414852,1,F4320306084,U.S. Department of Energy,DE-SC0001061
W2159915701,1,F4320306076,National Science Foundation,DMS-0913491
W2159915701,2,F4320320709,National Research Foundation Singapore,2007IDM-IDM 002-010
W2159915701,3,F4320320751,Ministry of Education - Singapore,RG 59/08 M5211092
W2159915701,4,F4320320751,Ministry of Education - Singapore,ARC 29/07 T207B2202
W2159915701,5,F4320323278,Council for Higher Education,NA
W2159915701,6,F4320323721,Technion-Israel Institute of Technology,NA
W1984645212,1,F4320306084,U.S. Department of Energy,NA
W1984645212,2,F4320332382,Oak Ridge Institute for Science and Education,NA
W1984645212,3,F4320333450,National Energy Technology Laboratory,NA
W2008588048,1,F4320306084,U.S. Department of Energy,NA
W2163569330,1,F4320306076,National Science Foundation,AGS-1138938
W2163569330,2,F4320306076,National Science Foundation,xxxxx
W2163569330,3,F4320306076,National Science Foundation,AGS 11-38998
W2163569330,4,F4320306076,National Science Foundation,AGS-1138931
W2163569330,5,F4320321001,National Natural Science Foundation of China,AGS-1138938
W2163569330,6,F4320321001,National Natural Science Foundation of China,xxxxx
W2163569330,7,F4320321001,National Natural Science Foundation of China,AGS 11-38998
W2163569330,8,F4320321001,National Natural Science Foundation of China,AGS-1138931
W2052417289,1,F4320306076,National Science Foundation,EPS-0903795
W2052417289,2,F4320306076,National Science Foundation,CMMI-1200201/1200247
W2022550026,1,F4320306076,National Science Foundation,IAA 1129629
W2022550026,2,F4320337345,Office of Naval Research,N0001411WX21417
W2022550026,3,F4320338279,Air Force Office of Scientific Research,F1ATA00130G001
W1981115499,1,F4320306076,National Science Foundation,CBET-0965624
W2006876337,1,F4320306076,National Science Foundation,NA
W2006876337,2,F4320338279,Air Force Office of Scientific Research,F-9550-06-1-0036
W2032112616,1,F4320321040,National Science Council,NSC 97-2625-M-008-009
W2122111048,1,F4320332454,American Chemical Society Petroleum Research Fund,NA
W2037573591,1,F4320306076,National Science Foundation,DMS0914478
